id,pic_link,theme_id
1,content/test_cont_cl/c_10.jpg,19
2,content/test_cont_cl/c_11.jpg,17
3,content/test_cont_cl/c_12.jpg,19
4,content/test_cont_cl/c_13.jpg,19
5,content/test_cont_cl/c_14.jpg,19
6,content/test_cont_cl/c_16.jpg,17
7,content/test_cont_cl/c_17.jpg,17
8,content/test_cont_cl/c_18.jpg,17
9,content/test_cont_cl/c_19.jpg,19
11,content/test_cont_ev/e_10.jpg,16
12,content/test_cont_ev/e_11.jpg,16
13,content/test_cont_ev/e_12.jpg,36
14,content/test_cont_ev/e_13.jpg,13
15,content/test_cont_ev/e_14.jpg,36
16,content/test_cont_ev/e_15.jpg,14
17,content/test_cont_ev/e_16.jpg,13
18,content/test_cont_ev/e_17.jpg,15
19,content/test_cont_ev/e_18.jpg,13
20,content/test_cont_ev/e_19.jpg,36
21,content/test_cont_fa/f_10.jpg,20
22,content/test_cont_fa/f_11.jpg,20
23,content/test_cont_fa/f_12.jpg,21
24,content/test_cont_fa/f_13.jpg,7
25,content/test_cont_fa/f_14.jpg,7
26,content/test_cont_fa/f_15.jpg,20
27,content/test_cont_fa/f_16.jpg,22
28,content/test_cont_fa/f_17.jpg,21
29,content/test_cont_fa/f_18.jpg,22
30,content/test_cont_fa/f_19.jpg,20
31,content/test_cont_fa/f_20.jpg,20
32,content/test_cont_pl/p_10.jpg,10
33,content/test_cont_pl/p_11.jpg,10
34,content/test_cont_pl/p_12.jpg,10
35,content/test_cont_pl/p_13.jpg,27
37,content/test_cont_pl/p_15.jpg,26
38,content/test_cont_pl/p_16.jpg,26
39,content/test_cont_pl/p_17.jpg,33
40,content/test_cont_pl/p_18.jpg,28
41,content/test_cont_pl/p_19.jpg,28
42,content/test_cont_pl/p_20.jpg,28
43,content/con1.jpg,24
44,content/con2.jpg,24
45,content/con3.jpg,24
46,content/con4.jpg,25
47,content/con5.jpg,25
48,content/con6.jpg,25
49,content/con7.jpg,12
50,content/con8.jpg,12
51,content/con9.jpg,12
52,content/con10.jpg,30
53,content/con11.jpg,30
54,content/con12.jpg,30
55,content/con13.jpg,23
56,content/con14.jpg,23
57,content/con15.jpg,23
58,content/con16.jpg,34
59,content/con17.jpg,34
60,content/con18.jpg,34
61,content/con19.jpg,6
62,content/con20.jpg,6
63,content/con21.jpg,6
64,content/con22.jpg,18
65,content/con23.jpg,18
66,content/con24.jpg,18
67,content/con25.jpg,29
68,content/con26.jpg,29
69,content/con27.jpg,29
70,content/con28.jpg,27
71,content/con29.jpg,27
72,content/con30.jpg,27
73,content/con31.jpg,31
74,content/con32.jpg,31
75,content/con33.jpg,31
76,content/con34.jpg,32
77,content/con35.jpg,32
78,content/con36.jpg,32
79,content/con37.jpg,33
80,content/con38.jpg,33
81,content/con39.jpg,33
82,content/con40.jpg,18
83,content/con41.jpg,18
84,content/con42.jpg,18
85,content/con43.jpg,21
86,content/con44.jpg,21
87,test,33
